{"cameraMode":{"drawMode":0,"name":"Shaded","section":"Shading Mode"},"sceneLighting":true,"audioPlay":false,"sceneViewState":{"m_AlwaysRefresh":false,"showFog":true,"showSkybox":true,"showFlares":true,"showImageEffects":true,"showParticleSystems":true,"showVisualEffectGraphs":true,"m_FxEnabled":false},"in2DMode":false,"pivot":{"x":-7.491789817810059,"y":3.952089786529541,"z":0.030551563948392869},"rotation":{"x":0.17047621309757234,"y":0.711196780204773,"z":-0.18476666510105134,"w":0.6566515564918518},"size":0.8225947618484497,"orthographic":false}