{"cameraMode":{"drawMode":0,"name":"Shaded","section":"Shading Mode"},"sceneLighting":true,"audioPlay":false,"sceneViewState":{"m_AlwaysRefresh":false,"showFog":true,"showSkybox":true,"showFlares":true,"showImageEffects":true,"showParticleSystems":true,"showVisualEffectGraphs":true,"m_FxEnabled":false},"in2DMode":false,"pivot":{"x":5.424253463745117,"y":-18.601221084594728,"z":10.897500991821289},"rotation":{"x":-0.4741813540458679,"y":-0.24200832843780518,"z":0.13736717402935029,"w":-0.8353217244148254},"size":12.877409934997559,"orthographic":false}